A. Meyer	t
AA	t
AIX	t
ALA	t
ALABAMA	t
ALLENDE	t
ALMEIDA	t
AMADO	t
AMARAL	t
AMV	t
AND	t
ANGELA	t
ANOVA	t
APACHE	t
APIs	t
ARIZONA	t
ARTIFICIAL	t
ASP	t
ASTA	t
ASTER	t
ATA	t
AXIAL	t
AXIS	t
AYu	t
AZA	t
Aalto	t
Aass	t
Abass	t
Abati	t
Abaza	t
Abedi	t
Abele	t
Abella	t
Abelli	t
Abeni	t
Abida	t
Acar	t
Acer	t
Aceti	t
Achilleas	t
Adalgisa	t
Adama	t
Adami	t
Adamus	t
Adang	t
Adder	t
Adela	t
Adelina	t
Adina	t
Adriana	t
Afessa	t
Agati	t
Agra	t
Aini	t
Aka	t
Akaki	t
Akera	t
Aki	t
Akihito	t
Ala	t
Ala- bama	t
Alabama	t
Alberici	t
Alberta	t
Alcides	t
Alena	t
Aleo	t
Alexa	t
Alexandra	t
Alexia	t
Alfaro	t
Alia	t
Aliberti	t
Alicia	t
Alida	t
Alimi	t
Allende	t
Allgood	t
Almeida	t
Almond	t
Aloe	t
Alona	t
Alv	t
Alva	t
Alyssa	t
Amado	t
Amara	t
Amaral	t
Ameli	t
Ameri	t
Amira	t
Amital	t
Amma	t
Ammini	t
Amorosa	t
Amsel	t
Anahita	t
Anais	t
Anamika	t
Anania	t
Ananias	t
Anas	t
Ancona	t
And	t
Andes	t
Andromeda	t
Anema	t
Angela	t
Angelica	t
Angelina	t
Angler	t
Ania	t
Anibal	t
Anita	t
Anjan	t
Anna	t
Antigoni	t
Antonia	t
Antonina	t
Ants	t
Apache	t
Apetrei	t
Aphrodite	t
Apollo	t
Apple	t
Aquila	t
Arabella	t
Arabs	t
Aradi	t
Aranda	t
Arat	t
Arati	t
Arca	t
Arcas	t
Arcos	t
Argentina	t
Argentine	t
Ari- zona	t
Aria	t
Ariadna	t
Ariadne	t
Arida	t
Arii	t
Arion	t
Arita	t
Arito	t
Arizona	t
Arjona	t
Armada	t
Artificial	t
Arush	t
Arve	t
Asaga	t
Ascione	t
Asp	t
Aspasia	t
Assa	t
Asta	t
Aster	t
Ata	t
Athanasia	t
Atlanta	t
Atta	t
Attali	t
Attila	t
Augusta	t
Auletta	t
Auli	t
Aurelia	t
Averna	t
Axial	t
Axis	t
Ayesha	t
Aza	t
Azanza	t
B-D	t
B. A	t
B. D	t
B. E	t
B. G	t
B.A	t
B.D	t
B.E	t
B.G	t
BA	t
BACTERIAL	t
BAHIA	t
BASSI	t
BCG	t
BCV	t
BD	t
BE	t
BEAR	t
BELLA	t
BER	t
BHATIA	t
BIA	t
BIAS	t
BIO	t
BIRDS	t
BOROS	t
BPI	t
BPV	t
BRILL	t
BRS	t
BSP	t
Ba	t
Babul	t
Bacchini	t
Bacterial	t
Bacus	t
Bahia	t
Baja California	t
Balani	t
Baliga	t
Ballal	t
Balli	t
Balsa	t
Baltas	t
Bamboo	t
Banchini	t
Bandara	t
Barbanti	t
Barbara	t
Barbi	t
Barbu	t
Barea	t
Bares	t
Baris	t
Barley	t
Barna	t
Barnas	t
Barnea	t
Basil	t
Bassi	t
Bata	t
Batia	t
Batra	t
Bats	t
Be	t
Bear	t
Beata	t
Beavers	t
Beccaria	t
Bee	t
Behnia	t
Beiras	t
Bella	t
Bellas	t
Bellia	t
Bellis	t
Bena	t
Benincasa	t
Ber	t
Berenice	t
Beri	t
Beris	t
Berta	t
Besa	t
Besra	t
Bessa	t
Beta	t
Betta	t
Bev	t
Bhatia	t
Bia	t
Bias	t
Bino	t
Bio	t
Bio-	t
Birds	t
Bisgaard	t
Blues	t
Bodo	t
Boga	t
Bogue	t
Bolivar	t
Bolla	t
Bonito	t
Boris	t
Boros	t
Bos	t
Boscia	t
Br and I	t
Bracken	t
Brada	t
Bradley A	t
Braganza	t
Brama	t
Bramble	t
Branchi	t
Brandi	t
Brat	t
Bream	t
Breda	t
Brenda	t
Brigida	t
Brill	t
Broccoli	t
Brose	t
Brossi	t
Brunia	t
Bua	t
Bufo	t
Bulgaria	t
Bulla	t
C group	t
C-E	t
C. E	t
C.E	t
CALIFORNIA	t
CAMPANA	t
CAPRA	t
CARA	t
CARDINAL	t
CAROLI	t
CARP	t
CASH	t
CATTLE	t
CAV	t
CDV	t
CE	t
CFA	t
CFD	t
CHELI	t
CHEN	t
CHP	t
CHU	t
CIMA	t
CIS	t
CIs	t
CLINE	t
CMI	t
CNV	t
COFFEE	t
COLOR	t
CORBA	t
CORN	t
CORREA	t
CORSINI	t
COTTON	t
CPV	t
CSP	t
CULLEN	t
CaMV	t
Cabeza	t
Cabezas	t
Cafer	t
Caio	t
Calamia	t
Cales	t
Cali- fornia	t
Calia	t
Califor- nia	t
California	t
Callas	t
Camara	t
Camel	t
Camera	t
Camilla	t
Caminal	t
Campana	t
Campanella	t
Campanile	t
Campion	t
Canalis	t
Canani	t
Canary	t
Cancilla	t
Candelaria	t
Candi	t
Candida	t
Canela	t
Canella	t
Canga	t
Canis	t
Canna	t
Cannas	t
Capella	t
Capra	t
Capua	t
Cara	t
Caraway	t
Cardia	t
Cardinal	t
Carel	t
Caretta	t
Caria	t
Carissa	t
Carita	t
Carlotta	t
Carmena	t
Caroli	t
Carp	t
Carpi	t
Caruana	t
Cash	t
Casper	t
Cassia	t
Cassie	t
Cassis	t
Caster	t
Castilla	t
Castor	t
Casula	t
Catena	t
Cater	t
Cathal	t
Catriona	t
Cats	t
Cav	t
Cea	t
Cela	t
Celia	t
Celina	t
Celis	t
Cella	t
Cemal	t
Cerasi	t
Cerda	t
Ceresa	t
Ceri	t
Cerone	t
Cervera	t
Cervi	t
Chanda	t
Channa	t
Chaparro	t
Chara	t
Charan	t
Charis	t
Cheli	t
Chen	t
Chess	t
Chichester	t
Chick	t
Chinchilla	t
Chiras	t
Chiron	t
Chitra	t
Christiana	t
Chu	t
Chui	t
Churchill	t
Cilia	t
Cima	t
Cinca	t
Cinda	t
Cintia	t
Cioni	t
Cionini	t
Circus	t
Ciria	t
Cis	t
Cisco	t
Citron	t
Civ	t
Clara	t
Clarissa	t
Clary	t
Class A	t
Claudius	t
Clelia	t
Cline	t
Clini	t
Clio	t
Cliona	t
Cobi	t
Coca	t
Coceani	t
Coda	t
Codon	t
Coffee	t
Cola	t
Coli	t
Colla	t
Collas	t
Colo	t
Colon	t
Color	t
Coma	t
Comber	t
Comet	t
Commodore	t
Compton	t
Coney	t
Conger	t
Coni	t
Cora	t
Corcia	t
Corella	t
Corica	t
Corina	t
Corn	t
Corona	t
Coronal	t
Correa	t
Correas	t
Corsini	t
Corvi	t
Corydon	t
Costa Rica	t
Costi	t
Cota	t
Coto	t
Cotton	t
Cranes	t
Craven	t
Cray	t
Crispin	t
Croci	t
Crosa	t
Cuda	t
Culebras	t
Cullen	t
Cuno	t
Cura	t
Curio	t
Cynthia	t
DALLA	t
DARPA	t
DATA	t
DCF	t
DELTA	t
DOG	t
DOGS	t
Dace	t
Dahlia	t
Dalla	t
Dallal	t
Damas	t
Damon	t
Danai	t
Danis	t
Daphne	t
Dario	t
Darnis	t
Dastur	t
Data	t
DeLisa	t
DeRosa	t
Deana	t
Deer	t
Delia	t
Delmas	t
Delos	t
Delta	t
Derosa	t
Dictor	t
Dill	t
Dima	t
Dina	t
Dione	t
Dirce	t
Disa	t
Ditta	t
Dodo	t
Dog	t
Dogs	t
Dohle	t
Donal	t
Doni	t
Dorado	t
Dorion	t
Doris	t
Drill	t
Duck	t
Dulal	t
Duma	t
Dura	t
EMI	t
EQUAL	t
ESPINOSA	t
EURO	t
Eandi	t
Ebo	t
Echo	t
Eeva	t
Egle	t
Eira	t
Electra	t
Eleftheria	t
Elia	t
Elina	t
Elisa	t
Elizabeth A	t
Elk	t
Elmas	t
Elster	t
Elvira	t
Emi	t
Emilia	t
Emori	t
Ena	t
Equal	t
Ercilla	t
Eremina	t
Ergene	t
Erica	t
Eros	t
Escolar	t
Esme	t
Esmeralda	t
Espina	t
Espinosa	t
Estrella	t
Eugenia	t
Eulalia	t
Eunice	t
Euro	t
Evora	t
FIGS	t
FIGs	t
FISH	t
FISHER	t
FLAG	t
FOA	t
FOTI	t
FRAGA	t
Fabia	t
Fabiana	t
Fabiola	t
Falco	t
Farida	t
Favia	t
Felicia	t
Fenella	t
Ferns	t
Figs	t
Figura	t
Filella	t
Fiona	t
Fish	t
Fisher	t
Flag	t
Flavivirus	t
Flax	t
Flies	t
Flos	t
Foa	t
Formica	t
Fossa	t
Foti	t
Fraga	t
Fresno	t
Freya	t
Frogs	t
Fuchsia	t
Fulda	t
Fulvia	t
Funa	t
Furia	t
Fusi	t
GAG	t
GALLEGO	t
GALLI	t
GARCIA	t
GIBBON	t
GIBBONS	t
GOES	t
GOLDIE	t
GOTO	t
GRANATA	t
GROSSI	t
GRUBER	t
GS1	t
Gadella	t
Gadi	t
Gaetani	t
Gag	t
Galea	t
Galia	t
Galip	t
Gallego	t
Galleni	t
Galli	t
Gallus	t
Garcia	t
Garra	t
Garrick	t
Gasper	t
Gatter	t
Gattoni	t
Gaur	t
Gaya	t
Gazelle	t
Gea	t
Gean	t
Gelinas	t
Gemma	t
Gerosa	t
Gerra	t
Gibbon	t
Gibbons	t
Gila	t
Ginger	t
Giulia	t
Glaucia	t
Godin	t
Goes	t
Goldammer	t
Goldie	t
Golla	t
Gonatas	t
Gongora	t
Gonias	t
Gorgone	t
Gorse	t
Goto	t
Gouras	t
Granado	t
Granata	t
Graus	t
Grav	t
Graziana	t
Grenadier	t
Greta	t
Gridley	t
Grivas	t
Grossi	t
Group II	t
Gruber	t
Grus	t
Guardiola	t
Gudgeon	t
Guillemot	t
Guillermo	t
Gula	t
Gunnel	t
Guppy	t
HARA	t
HERO	t
HIRATA	t
HOMO	t
HORSE	t
HORSES	t
HSP	t
HSV-2	t
HYBRID	t
Habicht	t
Habu	t
Hada	t
Haddock	t
Hafer	t
Hake	t
Hala	t
Halaris	t
Halata	t
Halmi	t
Halter	t
Hamana	t
Hannia	t
Hara	t
Harii	t
Harlequin	t
Harma	t
Harpal	t
Hawa	t
Hawks	t
Hawthorn	t
Haya	t
Hea	t
Hebb	t
Heide	t
Helia	t
Helix	t
Helle	t
Hemal	t
Henna	t
Henrica	t
Henricus	t
Henry A	t
Herminia	t
Hermosilla	t
Hero	t
Heros	t
Hila	t
Hilda	t
Hirashima	t
Hirata	t
Hitch	t
Hoa	t
Homola	t
Honesty	t
Horia	t
Horse	t
Hortensia	t
Hosea	t
Hovis	t
Hoya	t
Hoz	t
Hua	t
Hucho	t
Huma	t
Huso	t
Hussar	t
Hybrid	t
I major	t
I ve	t
I-A	t
IA	t
IDA	t
IDEA	t
IKEDA	t
IMAI	t
INIA	t
IPS	t
IPs	t
IRIS	t
IS A	t
ISA	t
ISO	t
ITI	t
IVA	t
IVa	t
Ia	t
Iaria	t
Ichii	t
Ida	t
Ide	t
Idea	t
Idris	t
Ignatius	t
Iio	t
Ikeda	t
Ikoma	t
Ikuma	t
Iliana	t
Imai	t
Imber	t
Imelda	t
Imma	t
Indicator	t
Indigo	t
Inga	t
Ingrassia	t
Inna	t
Insertion	t
Ips	t
Ira	t
Irena	t
Iris	t
Isa	t
Isabella	t
Ishige	t
Isis	t
Iso	t
Itami	t
Itaya	t
Iti	t
Iva	t
Ive	t
JONAS	t
Jacks	t
Jafar	t
Jana	t
Jani	t
Janus	t
Jasmina	t
Jassal	t
Jessica	t
Jian-Hua	t
Jian-hua	t
Jianhua	t
Joanna	t
Jonas	t
Josa	t
Juli	t
Julia	t
Junco	t
Juncos	t
Kale	t
Kamani	t
Kanda	t
Kania	t
Kapur	t
Kara	t
Karakas	t
Karasu	t
Karatas	t
Kash	t
Kasturi	t
Kata	t
Katharina	t
Kaya	t
Kelder	t
Khare	t
Kiang	t
Kina	t
Kino	t
Kinugasa	t
Kleiber	t
Klion	t
Kob	t
Koba	t
Kobal	t
Kobi	t
Kobus	t
Koi	t
Kolla	t
Koma	t
Kou	t
Kozo	t
Krill	t
Kuma	t
Kumara	t
Kuri	t
Kuzu	t
L-G	t
LARA	t
LASER	t
LATER	t
LBO	t
LDV	t
LEMON	t
LEO	t
LI	t
LIAN	t
LILACS	t
LIMA	t
LIME	t
LINDE	t
LING	t
LIPS	t
LPI	t
LT-2	t
LT2	t
LURIA	t
Labia	t
Lafer	t
Lalani	t
Lama	t
Lamia	t
Lania	t
Lanka	t
Lapina	t
Lapis	t
Lara	t
Large White	t
Large white	t
Lari	t
Larina	t
Larisa	t
Larrea	t
Laser	t
Later	t
Latifi	t
Lauri	t
Lauria	t
Laurora	t
Lavender	t
Laver	t
Lavinia	t
Leander	t
Leandra	t
Leda	t
Lee A	t
Lee K	t
Leek	t
Leisti	t
Lelia	t
Lema	t
Lemmi	t
Lemon	t
Lens	t
Lentini	t
Leo	t
Leopardi	t
Lepri	t
Leva	t
Li	t
Li A	t
Li-Na	t
Li-na	t
Lia	t
Lian	t
Libra	t
Lidia	t
Ligia	t
Lilia	t
Lima	t
Lime	t
Limulus	t
Lina	t
Linda	t
Linde	t
Ling	t
Lingens	t
Linnaea	t
Lio	t
Lion	t
Lipari	t
Lips	t
Lista	t
Liu S	t
Liza	t
Llamas	t
Loris	t
Lotto	t
Lotus	t
Lucia	t
Lucifer	t
Lucina	t
Luda	t
Luria	t
Luzuriaga	t
Lydia	t
Lyu	t
M-MLV	t
M. W	t
M.W	t
M27	t
MAC	t
MAGRI	t
MAKI	t
MAN	t
MARIA	t
MARION	t
MATE	t
MAYO	t
MCF	t
MCG	t
MEA	t
MEDA	t
MEDINA	t
MENDOZA	t
MES	t
META	t
MHV	t
MICE	t
MITRA	t
MLV	t
MMLV	t
MMTV	t
MOLINA	t
MONTANA	t
MOPS	t
MORA	t
MORAL	t
MOREL	t
MORI	t
MOYA	t
MSP	t
MSV	t
MTB	t
MURINE	t
MUSSA	t
MVA	t
MYu	t
Mac	t
Macara	t
Mace	t
Macri	t
Macris	t
Madar	t
Madia	t
Madias	t
Mago	t
Magri	t
Mahua	t
Mai	t
Maia	t
Maira	t
Maize	t
Maja	t
Maki	t
Mala	t
Malanga	t
Malaya	t
Malberti	t
Malenka	t
Mali	t
Malia	t
Mallard	t
Mallika	t
Malo	t
Malta	t
Malter	t
Malva	t
Mama	t
Maman	t
Man	t
Mancilla	t
Mandarino	t
Mandi	t
Manduca	t
Manfreda	t
Manga	t
Mangal	t
Mangas	t
Mango	t
Mani	t
Manis	t
Manka	t
Manna	t
Manta	t
Mantas	t
Mantini	t
Manzano	t
Maor	t
Maral	t
Marcia	t
Marcial	t
Marga	t
Marge	t
Margo	t
Margus	t
Mari	t
Maria	t
Marietta	t
Marilia	t
Marina	t
Marinova	t
Marion	t
Marisa	t
Marri	t
Martella	t
Martus	t
Maryna	t
Masa	t
Masaki	t
Mash	t
Maso	t
Mate	t
Mater	t
Mati	t
Matilda	t
Matus	t
Mauri	t
Maurus	t
Mav	t
Mayama	t
Mayo	t
Mazal	t
MeV	t
Mea	t
Meara	t
Meda	t
Medina	t
Meira	t
Melba	t
Melia	t
Melinda	t
Melissa	t
Melita	t
Melitta	t
Melo	t
Memphis	t
Mendoza	t
Mentha	t
Mes	t
Messa	t
Meta	t
Metal	t
Meza	t
Mi-Na	t
Michaeli	t
Mico	t
Mila	t
Milia	t
Milla	t
Milo	t
Mimi	t
Mina	t
Miners	t
Minerva	t
Mines	t
Mink	t
Mino	t
Minota	t
Mints	t
Mion	t
Miras	t
Mirza	t
Mito	t
Mitra	t
Moak	t
Modulus	t
Moffa	t
Moga	t
Moira	t
Mola	t
Molas	t
Molema	t
Molina	t
Molinas	t
Molly	t
Mon- tana	t
Moneta	t
Monia	t
Monkey	t
Monoclonal	t
Montana	t
Mora	t
Moral	t
Morale	t
Morange	t
Morel	t
Mori	t
Morone	t
Mota	t
Moya	t
Mtb	t
MuM	t
Muda	t
Mum	t
Muna	t
Munda	t
Mundal	t
Murex	t
Mus	t
Musa	t
Musca	t
Muscarella	t
Muscari	t
Musci	t
Musella	t
Mussa	t
Mya	t
Myara	t
Myra	t
Myron	t
NAME	t
NARDI	t
NASA	t
NATALI	t
NIA	t
NIDA	t
NONE	t
Nagara	t
Naja	t
Name	t
Nanae	t
Nance	t
Nandi	t
Nanna	t
Nanos	t
Narayana	t
Nardi	t
Nasa	t
Naso	t
Nassal	t
Nasti	t
Nata	t
Natali	t
Nater	t
Navia	t
Neha	t
Nema	t
Nemati	t
Nestor	t
Neta	t
Netta	t
Nevada	t
Nia	t
Nica	t
Nida	t
Nieva	t
Niger	t
Nightingale	t
Nili	t
Nio	t
Nirmala	t
Nisa	t
Nita	t
Nogal	t
Nola	t
Nona	t
None	t
Nordal	t
Not shown	t
Novis	t
Numata	t
O bus	t
O-beta	t
OLIVA	t
OSA	t
OSHA	t
OTHER	t
OTUs	t
Obadia	t
Oca	t
Odani	t
Odum	t
Okochi	t
Olea	t
Oliva	t
Olivas	t
Omura	t
Onn	t
Onuma	t
Ora	t
Orci	t
Orii	t
Orioli	t
Orna	t
Osa	t
Oteiza	t
Other	t
Otis	t
PADILLA	t
PALE	t
PAN	t
PAR	t
PARIS	t
PARNAS	t
PARROT	t
PAVLOVA	t
PCI bus	t
PCV	t
PEA	t
PEACOCK	t
PEAR	t
PECORA	t
PEEL	t
PEM	t
PERMIT	t
PETRI	t
PETROVA	t
PIERINI	t
PIPER	t
PL II	t
PLANTS	t
PLUM	t
POA	t
POLLACK	t
POLLOCK	t
POPA	t
PPI	t
PPV	t
PRAT	t
PRV	t
PSP	t
PTV	t
PURPURA	t
PUVA	t
PVA	t
PWV	t
Padilla	t
Padma	t
Pale	t
Paletta	t
Palla	t
Pallas	t
Palli	t
Pallini	t
Pallis	t
Palta	t
Pan	t
Panama	t
Panas	t
Panda	t
Pandita	t
Panelli	t
Pani	t
Panni	t
Pansu	t
Par	t
Para	t
Parada	t
Paramonova	t
Parel	t
Parga	t
Pari	t
Paria	t
Parida	t
Paris	t
Parma	t
Parnas	t
Parrella	t
Parrot	t
Parsley	t
Particulate	t
Parus	t
Passali	t
Pater	t
Patra	t
Patri	t
Patricia	t
Pavlova	t
Paya	t
Pea	t
Peach	t
Peacock	t
Pear	t
Pears	t
Pecora	t
Pedini	t
Peel	t
Peled	t
Pella	t
Peltola	t
Penalva	t
Pene	t
Penelope	t
Pepino	t
Per-Ola	t
Pera	t
Perch	t
Perdrix	t
Peregrine	t
Perilli	t
Perini	t
Perla	t
Permit	t
Perna	t
Pernis	t
Pero	t
Perola	t
Peros	t
Perosa	t
Petri	t
Petrova	t
Petrus	t
Petteri	t
Phoebe	t
Phoenix	t
Photini	t
Phyllis	t
Pica	t
Pichini	t
Picus	t
Pierini	t
Pig	t
Pigs	t
Pila	t
Pimenta	t
Pinaki	t
Pineda	t
Pini	t
Pinna	t
Pintado	t
Pion	t
Piper	t
Pira	t
Piris	t
Pison	t
Pistorius	t
Pita	t
Pitta	t
Placer	t
Plager	t
Planes	t
Plata	t
Plum	t
Podo	t
Poeta	t
Polla	t
Pollack	t
Pollock	t
Polyxeni	t
Pomfret	t
Pompili	t
Popa	t
Popolo	t
Portia	t
Prandi	t
Prat	t
Prez	t
Pria	t
Prim	t
Primavera	t
Primer	t
Probal	t
Prospero	t
Protein I	t
Prus	t
Psyche	t
Puca	t
Puck	t
Puma	t
Purpura	t
Python	t
Quadri	t
Querci	t
Quesada	t
Quintal	t
Quintana	t
Quintas	t
R group	t
RAMP	t
RAT	t
RAY	t
RICE	t
RIO	t
ROGER	t
ROOK	t
ROSA	t
RUDD	t
Rails	t
Raja	t
Ramp	t
Rana	t
Rape	t
Rapini	t
Ratti	t
Ray	t
Rays	t
Reba	t
Rebecca	t
Recchia	t
Red Top	t
Redhead	t
Redwood	t
Regina	t
Rema	t
Remi	t
Remus	t
Rena	t
Renata	t
Renilla	t
Requena	t
Retamal	t
Retrovirus	t
Rhea	t
Rheum	t
Rhodus	t
Ribes	t
Rice	t
Rida	t
Riella	t
Rio	t
Rita	t
Roa	t
Roberti	t
Robertus	t
Roccella	t
Rocci	t
Rocio	t
Roger	t
Rohana	t
Rolli	t
Ronca	t
Rook	t
Rosa	t
Rosales	t
Rosalia	t
Rosalina	t
Roselle	t
Rosemary	t
Rossella	t
Rossi A	t
Rovers	t
Rowan	t
Roya	t
Rubia	t
Rudd	t
Rudra	t
Ruff	t
Ruta	t
Rye	t
S-L	t
S. Africa	t
S. Fish	t
SA6	t
SALAS	t
SALCEDO	t
SALINA	t
SALMON	t
SALVI	t
SANDER	t
SARS	t
SAV	t
SEAL	t
SFS	t
SFV	t
SFs	t
SGP	t
SHAKE	t
SHEEP	t
SIDA	t
SIDE	t
SILVEIRA	t
SIV	t
SOA	t
SOUSA	t
SP4	t
SP5	t
SPAN	t
SPOT	t
SRAM	t
SSP	t
STERN	t
SUGIURA	t
SUS	t
SUZUKI	t
SVC	t
SWIFT	t
Saba	t
Sable	t
Sabra	t
Sabri	t
Safer	t
Safra	t
Saga	t
Sagami	t
Sahli	t
Saiga	t
Saigal	t
Sain	t
Sakaki	t
Salas	t
Salassa	t
Salata	t
Salcedo	t
Salina	t
Salinas	t
Salma	t
Salmon	t
Salta	t
Salter	t
Salvi	t
Salvia	t
Salwa	t
Sama	t
Samara	t
Samba	t
Samia	t
Sanae	t
Sander	t
Sania	t
Santoni	t
Sarbia	t
Sarda	t
Saria	t
Sarika	t
Sasa	t
Sator	t
Sav	t
Savoca	t
Scanu	t
Scarpini	t
Scatena	t
Schall	t
Schat	t
Schima	t
Scopus	t
Scotia	t
Seal	t
Seals	t
Seda	t
Sejal	t
Selene	t
Selina	t
Sena	t
Senga	t
Senji	t
Senna	t
Sereda	t
Sereni	t
Seres	t
Sergio	t
Seri	t
Seruca	t
Serv	t
Shaddock	t
Shades	t
Shake	t
Shali	t
Shiba	t
Shina	t
Shinkai	t
Shioji	t
Shiv	t
Shore A	t
Shouji	t
Shu-Mei	t
Shui	t
Shum	t
Shumei	t
Sia	t
Sida	t
Side	t
Sideri	t
Siler	t
Silvani	t
Silveira	t
Silversides	t
Silvery	t
Silvius	t
Simo	t
Simona	t
Sina	t
Since I	t
Singal	t
Siren	t
Siris	t
Siro	t
Sison	t
Siv	t
Slavina	t
Slinger	t
Sly	t
Smolle	t
Snipes	t
Snoek	t
Soak	t
Soja	t
Solal	t
Solana	t
Soli	t
Sondra	t
Sora	t
Sorbi	t
Soter	t
Sousa	t
Span	t
Speranza	t
Spine	t
Spinelli	t
Spino	t
Sponges	t
Spot	t
Sram	t
Ssp	t
Stam	t
Starling	t
Stator	t
Stea	t
Stefania	t
Stella	t
Stener	t
Stenius	t
Steno	t
Stephani	t
Stern	t
Stipa	t
Strada	t
Sturgeon	t
Suckers	t
Sugiura	t
Sui	t
Sul	t
Sula	t
Sulla	t
Suni	t
Surendra	t
Susana	t
Sutera	t
Suzuki	t
Suzuki A	t
Swift	t
Sylvia	t
Synthetic	t
TARA	t
TAXES	t
TERRANOVA	t
TEST	t
TEV	t
THIS	t
TIA	t
TONI	t
TOR	t
TSP	t
TT	t
TTV	t
Taba	t
Tabei	t
Tacca	t
Taira	t
Takayama	t
Taku	t
Talavera	t
Tamara	t
Tamarin	t
Tamba	t
Tami	t
Tammi	t
Tana	t
Tania	t
Tanna	t
Tansy	t
Tara	t
Tare	t
Tarek	t
Taro	t
Tatra	t
Taxes	t
Tebo	t
Telles	t
Temma	t
Terranova	t
Test	t
Test 1	t
Tetra	t
Thais	t
Thalia	t
Themis	t
Thev	t
This	t
Thor	t
Thrift	t
Tia	t
Tiger	t
Timea	t
Timmer	t
Timon	t
Timothy	t
Tina	t
Tiso	t
Titani	t
Tola	t
Tolis	t
Tomari	t
Tonga	t
Toni	t
Tonna	t
Tor	t
Tornos	t
Torpedo	t
Tortella	t
Torti	t
Tos	t
Toya	t
Trias	t
Trivella	t
Trude	t
Tuba	t
Tuna	t
Turbina	t
Turbo	t
Turkey	t
Turkeys	t
Udaya	t
Ulrike	t
Uma	t
Ume	t
Una	t
Urania	t
Urashima	t
Urbani	t
Usta	t
Uta	t
Ute	t
VALENZUELA	t
VERA	t
VICTORIA	t
VILLA	t
VIRGINIA	t
Valdivia	t
Valencia	t
Valenzuela	t
Vanda	t
Vanelli	t
Vanessa	t
Vania	t
Vanna	t
Vannas	t
Vanni	t
Varani	t
Vari	t
Vasa	t
Vater	t
Vectors	t
Vela	t
Vella	t
Vellas	t
Venus	t
Vera	t
Veronica	t
Vespa	t
Vesper	t
Vestal	t
Vic- toria	t
Victoria	t
Vigna	t
Vignal	t
Vila	t
Villa	t
Villanova	t
Villas	t
Vinca	t
Viola	t
Vir- ginia	t
Vira	t
Virga	t
Virginia	t
Visca	t
Vittal	t
Vray	t
WNV	t
Waldo	t
Walia	t
Wash	t
Wheat	t
Whites	t
Whiting	t
Willows	t
Worm	t
Worms	t
Wren	t
Xenia	t
Xeral	t
Xiang-Hua	t
Xianghua	t
Yam	t
Yara	t
Yarrow	t
Yi-Zhi	t
Yizhi	t
Yoda	t
YuA	t
Yue-Hua	t
Yue-hua	t
Yuehua	t
Yulan	t
Zaira	t
Zanna	t
Zea	t
Zema	t
Zera	t
Zeta	t
Zide	t
Zilla	t
Ziwei	t
Zoli	t
Zora	t
Zorana	t
Zucchini	t
Zuniga	t
aa	t
aai	t
above I	t
adder	t
aerial	t
aide	t
aides	t
aka	t
ala	t
alar	t
alia	t
all E	t
all good	t
alle	t
along A	t
and	t
angler	t
anova	t
anoxia	t
apache	t
arctica	t
arene	t
arge	t
aria	t
aroma	t
arti- ficial	t
artifi- cial	t
artificial	t
arum	t
as S	t
asocia	t
asp	t
ass	t
assessor	t
aster	t
at-a	t
ata	t
automate	t
autotrophic	t
axial	t
axis	t
aza	t
b e e	t
b-D	t
b. A	t
bacterial	t
bahia	t
be	t
be e	t
bear	t
bears	t
bella	t
ber	t
beta	t
bia	t
bias	t
bio	t
bio-	t
biota	t
blacksmith	t
bleak	t
blues	t
br s	t
brs	t
bugs	t
bulla	t
burial	t
bursa	t
but is	t
c ELISA	t
camera	t
cardinal	t
cash	t
caster	t
cat s	t
cater	t
ce qui	t
cela	t
cell A	t
ceous	t
cere	t
chaos	t
cheat	t
chelator	t
chen	t
chorda	t
chorus	t
cio	t
circus	t
cis	t
cis-	t
civ	t
clara	t
clari	t
class A	t
cline	t
clinical samples	t
codon	t
coffee	t
cola	t
color	t
comet	t
common stock	t
coni	t
conies	t
cordial	t
corolla	t
corollas	t
coronal	t
cotyledon	t
cranes	t
crania	t
dares	t
data	t
delta	t
dione	t
dispar	t
dives	t
drill	t
drums	t
drv	t
eater	t
echo	t
ellipse	t
ena	t
ensis	t
equal	t
ero	t
et au	t
euro	t
expression vector	t
expression vectors	t
figs	t
fish	t
fisher	t
flag	t
fossa	t
fowl	t
freak	t
gag	t
gatekeeper	t
gene A	t
glia	t
goes	t
gorse	t
group II	t
had a	t
hardens	t
haya	t
helix	t
hemi	t
hero	t
hitch	t
hiv	t
homo	t
homo-	t
honesty	t
hsp	t
hybrid	t
iPS	t
ida	t
ide	t
idea	t
iio	t
indicator	t
indigo	t
inser- tion	t
insertion	t
insertion sequence	t
ira	t
iris	t
is a	t
iso	t
iso-	t
iti	t
ive	t
jacks	t
jsp	t
labial	t
laminae	t
large blue	t
large white	t
laser	t
later	t
lates	t
lens	t
lia	t
lian	t
lima	t
lime	t
liners	t
ling	t
lion	t
lips	t
little yellow	t
lli	t
look down	t
lotus	t
lucida	t
m.w	t
mCherry	t
mSv	t
mai	t
mama	t
man	t
masa	t
mate	t
mater	t
mav	t
mcg	t
mea	t
meagre	t
mes	t
meta	t
metal	t
mico	t
microbiota	t
miners	t
mines	t
mito	t
mmole	t
modulus	t
monitors	t
monoclonal	t
montana	t
mora	t
moral	t
morale	t
muM	t
mum	t
mus	t
my U	t
mycobacterium	t
name	t
nance	t
narcissus	t
nata	t
nebulosa	t
neo gene	t
nia	t
nica	t
nio	t
non-A	t
none	t
not shown	t
not specified	t
not-shown	t
nt 1	t
oar	t
oides	t
old woman	t
oliva	t
or a	t
osa	t
other	t
other sequences	t
over Na	t
ovo	t
pale	t
pales	t
pan	t
pan-	t
panacea	t
par	t
para	t
paris	t
particulate	t
passer	t
pea	t
pears	t
peel	t
per la	t
per os	t
per- mit	t
perch	t
perches	t
permit	t
pero	t
phos	t
phyla	t
pica	t
pigs	t
plane A	t
planes	t
plant s	t
plea	t
poachers	t
prim	t
primer	t
process A	t
protein I	t
proteus	t
rails	t
ramp	t
rape	t
rat s	t
rat tail	t
ray	t
rays	t
red eye	t
red spot	t
retusa	t
rio	t
rosa	t
ruff	t
rusts	t
s Medium	t
s group	t
s medium	t
safer	t
saga	t
salina	t
satellites	t
sav	t
scavengers	t
seal	t
searcher	t
send us	t
serosa	t
sesame	t
shades	t
shake	t
shuttle vector	t
sia	t
side	t
silex	t
silvery	t
since I	t
sium	t
sleepers	t
sly	t
small white	t
soak	t
span	t
spatula	t
spine	t
spot	t
squashes	t
ssp	t
stator	t
steak	t
stella	t
stern	t
suckers	t
sul	t
sulla	t
sus	t
swallows	t
swift	t
synthetic	t
t his	t
t1	t
tapes	t
tare	t
tasa	t
taxes	t
taxi	t
tbat	t
tbo	t
tectal	t
telles	t
terap	t
termes	t
test	t
tetra	t
tetra-	t
thera	t
thev	t
thi s	t
thia	t
this	t
thor	t
thrift	t
time I	t
timothy	t
tor	t
torpedo	t
tralia	t
transformation vectors	t
transposon	t
transposons	t
trite	t
turbo	t
tusk	t
ula	t
uma	t
ume	t
una	t
unclassified	t
unidentified	t
ute	t
vagrant	t
vania	t
vectors	t
vertigo	t
villa	t
vinca	t
vir	t
virginia	t
vitta	t
wanderers	t
wash	t
water jacket	t
whites	t
witch	t
worm	t
worms	t
wren	t
yawning	t
zea	t
zeta	t
Athletes	t
DeltaS	t
P wave	t
UCLA	t
athletes	t
b-wave	t
carpi	t
cylinder	t
enema	t
meV	t
not given	t
p22	t
propolis	t
rater	t
syncope	t
varus	t
Causal	t
Chiral	t
Maximal	t
Oriental	t
Polyclonal	t
Spinal	t
Thermal	t
Vertical	t
achiral	t
anodal	t
cameras	t
causal	t
cereal	t
chondral	t
cocci	t
coli	t
colonial	t
elliptical	t
enemas	t
lamellae	t
maximal	t
moduli	t
perineal	t
perineural	t
pineal	t
polyclonal	t
polygonal	t
ruminal	t
spinal	t
tetragonal	t
thermal	t
trigonal	t
vertical	t
pedal	t
